trade_id,timestamp_open,timestamp_close,direction,symbol,size,entry_price,initial_sl,tp,exit_price,gross_pnl,fees,tags
GOLD-001,2026-09-24T10:00:00,,sell,gold,0.1,4305.97,4312.14,4292.08,,,,#fvg
GOLD-001,2026-09-24T10:00:00,2026-09-24T14:30:00,sell,gold,0.1,4305.97,4312.14,4292.08,4300.00,59.0,2.0,"#fvg !early"
EURUSD-001,2026-09-03T08:15:00,2026-09-03T16:40:00,buy,eurusd,0.5,1.0850,1.0820,1.0920,1.0915,325.0,3.0,#liquidity-sweep
EURUSD-002,2026-09-08T13:05:00,2026-09-08T15:20:00,sell,eurusd,0.5,1.0900,1.0930,1.0840,1.0932,-160.0,3.0,"#fvg !early"
BTC-001,2026-09-11T09:30:00,2026-09-12T18:00:00,buy,btc,0.05,112000,110500,115000,114800,140.0,5.0,#breakout
GBPUSD-001,2026-09-15T07:05:00,2026-09-15T09:45:00,buy,gbpusd,0.3,1.2700,1.2660,1.2780,1.2700,0.0,2.0,"#london-open !overtrading"
GOLD-002,2026-09-18T11:20:00,2026-09-18T13:55:00,sell,gold,0.15,4310.00,4318.00,4295.00,4318.50,-120.0,2.0,"#fvg !fomo"
XAU-002,2026-09-23T10:10:00,,buy,gold,0.2,4280.50,4272.00,4300.00,,,,#bos
BTC-002,2026-09-25T08:00:00,,sell,btc,0.05,113500,114500,111000,,,,#range-fade
